movieId,title,genres
1,Toy Story (1995),"['Adventure', 'Animation', 'Children', 'Comedy', 'Fantasy']"
2,Jumanji (1995),"['Adventure', 'Children', 'Fantasy']"
3,Grumpier Old Men (1995),"['Comedy', 'Romance']"
6,Heat (1995),"['Action', 'Crime', 'Thriller']"
7,Sabrina (1995),"['Comedy', 'Romance']"
10,GoldenEye (1995),"['Action', 'Adventure', 'Thriller']"
11,"American President, The (1995)","['Comedy', 'Drama', 'Romance']"
16,Casino (1995),"['Crime', 'Drama']"
17,Sense and Sensibility (1995),"['Drama', 'Romance']"
19,Ace Ventura: When Nature Calls (1995),['Comedy']
21,Get Shorty (1995),"['Comedy', 'Crime', 'Thriller']"
25,Leaving Las Vegas (1995),"['Drama', 'Romance']"
32,Twelve Monkeys (a.k.a. 12 Monkeys) (1995),"['Mystery', 'Sci-Fi', 'Thriller']"
34,Babe (1995),"['Children', 'Drama']"
36,Dead Man Walking (1995),"['Crime', 'Drama']"
39,Clueless (1995),"['Comedy', 'Romance']"
47,Seven (a.k.a. Se7en) (1995),"['Mystery', 'Thriller']"
48,Pocahontas (1995),"['Animation', 'Children', 'Drama', 'Musical', 'Romance']"
50,"Usual Suspects, The (1995)","['Crime', 'Mystery', 'Thriller']"
62,Mr. Holland's Opus (1995),['Drama']
70,From Dusk Till Dawn (1996),"['Action', 'Comedy', 'Horror', 'Thriller']"
95,Broken Arrow (1996),"['Action', 'Adventure', 'Thriller']"
104,Happy Gilmore (1996),['Comedy']
110,Braveheart (1995),"['Action', 'Drama', 'War']"
111,Taxi Driver (1976),"['Crime', 'Drama', 'Thriller']"
141,"Birdcage, The (1996)",['Comedy']
145,Bad Boys (1995),"['Action', 'Comedy', 'Crime', 'Drama', 'Thriller']"
150,Apollo 13 (1995),"['Adventure', 'Drama', 'IMAX']"
153,Batman Forever (1995),"['Action', 'Adventure', 'Comedy', 'Crime']"
158,Casper (1995),"['Adventure', 'Children']"
160,Congo (1995),"['Action', 'Adventure', 'Mystery', 'Sci-Fi']"
161,Crimson Tide (1995),"['Drama', 'Thriller', 'War']"
163,Desperado (1995),"['Action', 'Romance', 'Western']"
165,Die Hard: With a Vengeance (1995),"['Action', 'Crime', 'Thriller']"
168,First Knight (1995),"['Action', 'Drama', 'Romance']"
172,Johnny Mnemonic (1995),"['Action', 'Sci-Fi', 'Thriller']"
173,Judge Dredd (1995),"['Action', 'Crime', 'Sci-Fi']"
185,"Net, The (1995)","['Action', 'Crime', 'Thriller']"
208,Waterworld (1995),"['Action', 'Adventure', 'Sci-Fi']"
223,Clerks (1994),['Comedy']
225,Disclosure (1994),"['Drama', 'Thriller']"
231,Dumb & Dumber (Dumb and Dumber) (1994),"['Adventure', 'Comedy']"
235,Ed Wood (1994),"['Comedy', 'Drama']"
253,Interview with the Vampire: The Vampire Chronicles (1994),"['Drama', 'Horror']"
260,Star Wars: Episode IV - A New Hope (1977),"['Action', 'Adventure', 'Sci-Fi']"
266,Legends of the Fall (1994),"['Drama', 'Romance', 'War', 'Western']"
288,Natural Born Killers (1994),"['Action', 'Crime', 'Thriller']"
292,Outbreak (1995),"['Action', 'Drama', 'Sci-Fi', 'Thriller']"
293,Léon: The Professional (a.k.a. The Professional) (Léon) (1994),"['Action', 'Crime', 'Drama', 'Thriller']"
296,Pulp Fiction (1994),"['Comedy', 'Crime', 'Drama', 'Thriller']"
300,Quiz Show (1994),['Drama']
316,Stargate (1994),"['Action', 'Adventure', 'Sci-Fi']"
317,"Santa Clause, The (1994)","['Comedy', 'Drama', 'Fantasy']"
318,"Shawshank Redemption, The (1994)","['Crime', 'Drama']"
329,Star Trek: Generations (1994),"['Adventure', 'Drama', 'Sci-Fi']"
337,What's Eating Gilbert Grape (1993),['Drama']
339,While You Were Sleeping (1995),"['Comedy', 'Romance']"
344,Ace Ventura: Pet Detective (1994),['Comedy']
349,Clear and Present Danger (1994),"['Action', 'Crime', 'Drama', 'Thriller']"
350,"Client, The (1994)","['Drama', 'Mystery', 'Thriller']"
353,"Crow, The (1994)","['Action', 'Crime', 'Fantasy', 'Thriller']"
356,Forrest Gump (1994),"['Comedy', 'Drama', 'Romance', 'War']"
357,Four Weddings and a Funeral (1994),"['Comedy', 'Romance']"
364,"Lion King, The (1994)","['Adventure', 'Animation', 'Children', 'Drama', 'Musical', 'IMAX']"
367,"Mask, The (1994)","['Action', 'Comedy', 'Crime', 'Fantasy']"
368,Maverick (1994),"['Adventure', 'Comedy', 'Western']"
370,Naked Gun 33 1/3: The Final Insult (1994),"['Action', 'Comedy']"
377,Speed (1994),"['Action', 'Romance', 'Thriller']"
380,True Lies (1994),"['Action', 'Adventure', 'Comedy', 'Romance', 'Thriller']"
410,Addams Family Values (1993),"['Children', 'Comedy', 'Fantasy']"
420,Beverly Hills Cop III (1994),"['Action', 'Comedy', 'Crime', 'Thriller']"
432,City Slickers II: The Legend of Curly's Gold (1994),"['Adventure', 'Comedy', 'Western']"
434,Cliffhanger (1993),"['Action', 'Adventure', 'Thriller']"
435,Coneheads (1993),"['Comedy', 'Sci-Fi']"
440,Dave (1993),"['Comedy', 'Romance']"
442,Demolition Man (1993),"['Action', 'Adventure', 'Sci-Fi']"
454,"Firm, The (1993)","['Drama', 'Thriller']"
457,"Fugitive, The (1993)",['Thriller']
466,Hot Shots! Part Deux (1993),"['Action', 'Comedy', 'War']"
474,In the Line of Fire (1993),"['Action', 'Thriller']"
480,Jurassic Park (1993),"['Action', 'Adventure', 'Sci-Fi', 'Thriller']"
485,Last Action Hero (1993),"['Action', 'Adventure', 'Comedy', 'Fantasy']"
500,Mrs. Doubtfire (1993),"['Comedy', 'Drama']"
508,Philadelphia (1993),['Drama']
509,"Piano, The (1993)","['Drama', 'Romance']"
520,Robin Hood: Men in Tights (1993),['Comedy']
527,Schindler's List (1993),"['Drama', 'War']"
539,Sleepless in Seattle (1993),"['Comedy', 'Drama', 'Romance']"
541,Blade Runner (1982),"['Action', 'Sci-Fi', 'Thriller']"
551,"Nightmare Before Christmas, The (1993)","['Animation', 'Children', 'Fantasy', 'Musical']"
552,"Three Musketeers, The (1993)","['Action', 'Adventure', 'Comedy', 'Romance']"
553,Tombstone (1993),"['Action', 'Drama', 'Western']"
555,True Romance (1993),"['Crime', 'Thriller']"
586,Home Alone (1990),"['Children', 'Comedy']"
587,Ghost (1990),"['Comedy', 'Drama', 'Fantasy', 'Romance', 'Thriller']"
588,Aladdin (1992),"['Adventure', 'Animation', 'Children', 'Comedy', 'Musical']"
589,Terminator 2: Judgment Day (1991),"['Action', 'Sci-Fi']"
590,Dances with Wolves (1990),"['Adventure', 'Drama', 'Western']"
592,Batman (1989),"['Action', 'Crime', 'Thriller']"
593,"Silence of the Lambs, The (1991)","['Crime', 'Horror', 'Thriller']"
594,Snow White and the Seven Dwarfs (1937),"['Animation', 'Children', 'Drama', 'Fantasy', 'Musical']"
595,Beauty and the Beast (1991),"['Animation', 'Children', 'Fantasy', 'Musical', 'Romance', 'IMAX']"
596,Pinocchio (1940),"['Animation', 'Children', 'Fantasy', 'Musical']"
597,Pretty Woman (1990),"['Comedy', 'Romance']"
608,Fargo (1996),"['Comedy', 'Crime', 'Drama', 'Thriller']"
648,Mission: Impossible (1996),"['Action', 'Adventure', 'Mystery', 'Thriller']"
653,Dragonheart (1996),"['Action', 'Adventure', 'Fantasy']"
673,Space Jam (1996),"['Adventure', 'Animation', 'Children', 'Comedy', 'Fantasy', 'Sci-Fi']"
708,"Truth About Cats & Dogs, The (1996)","['Comedy', 'Romance']"
733,"Rock, The (1996)","['Action', 'Adventure', 'Thriller']"
736,Twister (1996),"['Action', 'Adventure', 'Romance', 'Thriller']"
750,Dr. Strangelove or: How I Learned to Stop Worrying and Love the Bomb (1964),"['Comedy', 'War']"
778,Trainspotting (1996),"['Comedy', 'Crime', 'Drama']"
780,Independence Day (a.k.a. ID4) (1996),"['Action', 'Adventure', 'Sci-Fi', 'Thriller']"
784,"Cable Guy, The (1996)","['Comedy', 'Thriller']"
786,Eraser (1996),"['Action', 'Drama', 'Thriller']"
788,"Nutty Professor, The (1996)","['Comedy', 'Fantasy', 'Romance', 'Sci-Fi']"
858,"Godfather, The (1972)","['Crime', 'Drama']"
903,Vertigo (1958),"['Drama', 'Mystery', 'Romance', 'Thriller']"
904,Rear Window (1954),"['Mystery', 'Thriller']"
908,North by Northwest (1959),"['Action', 'Adventure', 'Mystery', 'Romance', 'Thriller']"
912,Casablanca (1942),"['Drama', 'Romance']"
919,"Wizard of Oz, The (1939)","['Adventure', 'Children', 'Fantasy', 'Musical']"
923,Citizen Kane (1941),"['Drama', 'Mystery']"
924,2001: A Space Odyssey (1968),"['Adventure', 'Drama', 'Sci-Fi']"
953,It's a Wonderful Life (1946),"['Children', 'Drama', 'Fantasy', 'Romance']"
1028,Mary Poppins (1964),"['Children', 'Comedy', 'Fantasy', 'Musical']"
1035,"Sound of Music, The (1965)","['Musical', 'Romance']"
1036,Die Hard (1988),"['Action', 'Crime', 'Thriller']"
1073,Willy Wonka & the Chocolate Factory (1971),"['Children', 'Comedy', 'Fantasy', 'Musical']"
1079,"Fish Called Wanda, A (1988)","['Comedy', 'Crime']"
1080,Monty Python's Life of Brian (1979),['Comedy']
1089,Reservoir Dogs (1992),"['Crime', 'Mystery', 'Thriller']"
1090,Platoon (1986),"['Drama', 'War']"
1097,E.T. the Extra-Terrestrial (1982),"['Children', 'Drama', 'Sci-Fi']"
1101,Top Gun (1986),"['Action', 'Romance']"
1127,"Abyss, The (1989)","['Action', 'Adventure', 'Sci-Fi', 'Thriller']"
1136,Monty Python and the Holy Grail (1975),"['Adventure', 'Comedy', 'Fantasy']"
1148,Wallace & Gromit: The Wrong Trousers (1993),"['Animation', 'Children', 'Comedy', 'Crime']"
1193,One Flew Over the Cuckoo's Nest (1975),['Drama']
1196,Star Wars: Episode V - The Empire Strikes Back (1980),"['Action', 'Adventure', 'Sci-Fi']"
1197,"Princess Bride, The (1987)","['Action', 'Adventure', 'Comedy', 'Fantasy', 'Romance']"
1198,Raiders of the Lost Ark (Indiana Jones and the Raiders of the Lost Ark) (1981),"['Action', 'Adventure']"
1199,Brazil (1985),"['Fantasy', 'Sci-Fi']"
1200,Aliens (1986),"['Action', 'Adventure', 'Horror', 'Sci-Fi']"
1201,"Good, the Bad and the Ugly, The (Buono, il brutto, il cattivo, Il) (1966)","['Action', 'Adventure', 'Western']"
1203,12 Angry Men (1957),['Drama']
1206,"Clockwork Orange, A (1971)","['Crime', 'Drama', 'Sci-Fi', 'Thriller']"
1207,To Kill a Mockingbird (1962),['Drama']
1208,Apocalypse Now (1979),"['Action', 'Drama', 'War']"
1210,Star Wars: Episode VI - Return of the Jedi (1983),"['Action', 'Adventure', 'Sci-Fi']"
1213,Goodfellas (1990),"['Crime', 'Drama']"
1214,Alien (1979),"['Horror', 'Sci-Fi']"
1215,Army of Darkness (1993),"['Action', 'Adventure', 'Comedy', 'Fantasy', 'Horror']"
1219,Psycho (1960),"['Crime', 'Horror']"
1220,"Blues Brothers, The (1980)","['Action', 'Comedy', 'Musical']"
1221,"Godfather: Part II, The (1974)","['Crime', 'Drama']"
1222,Full Metal Jacket (1987),"['Drama', 'War']"
1225,Amadeus (1984),['Drama']
1230,Annie Hall (1977),"['Comedy', 'Romance']"
1234,"Sting, The (1973)","['Comedy', 'Crime']"
1240,"Terminator, The (1984)","['Action', 'Sci-Fi', 'Thriller']"
1246,Dead Poets Society (1989),['Drama']
1247,"Graduate, The (1967)","['Comedy', 'Drama', 'Romance']"
1252,Chinatown (1974),"['Crime', 'Film-Noir', 'Mystery', 'Thriller']"
1258,"Shining, The (1980)",['Horror']
1259,Stand by Me (1986),"['Adventure', 'Drama']"
1265,Groundhog Day (1993),"['Comedy', 'Fantasy', 'Romance']"
1270,Back to the Future (1985),"['Adventure', 'Comedy', 'Sci-Fi']"
1276,Cool Hand Luke (1967),['Drama']
1278,Young Frankenstein (1974),"['Comedy', 'Fantasy']"
1282,Fantasia (1940),"['Animation', 'Children', 'Fantasy', 'Musical']"
1288,This Is Spinal Tap (1984),['Comedy']
1291,Indiana Jones and the Last Crusade (1989),"['Action', 'Adventure']"
1302,Field of Dreams (1989),"['Children', 'Drama', 'Fantasy']"
1304,Butch Cassidy and the Sundance Kid (1969),"['Action', 'Western']"
1307,When Harry Met Sally... (1989),"['Comedy', 'Romance']"
1356,Star Trek: First Contact (1996),"['Action', 'Adventure', 'Sci-Fi', 'Thriller']"
1370,Die Hard 2 (1990),"['Action', 'Adventure', 'Thriller']"
1374,Star Trek II: The Wrath of Khan (1982),"['Action', 'Adventure', 'Sci-Fi', 'Thriller']"
1377,Batman Returns (1992),"['Action', 'Crime']"
1380,Grease (1978),"['Comedy', 'Musical', 'Romance']"
1387,Jaws (1975),"['Action', 'Horror']"
1391,Mars Attacks! (1996),"['Action', 'Comedy', 'Sci-Fi']"
1393,Jerry Maguire (1996),"['Drama', 'Romance']"
1394,Raising Arizona (1987),['Comedy']
1407,Scream (1996),"['Comedy', 'Horror', 'Mystery', 'Thriller']"
1466,Donnie Brasco (1997),"['Crime', 'Drama']"
1485,Liar Liar (1997),['Comedy']
1500,Grosse Pointe Blank (1997),"['Comedy', 'Crime', 'Romance']"
1517,Austin Powers: International Man of Mystery (1997),"['Action', 'Adventure', 'Comedy']"
1527,"Fifth Element, The (1997)","['Action', 'Adventure', 'Comedy', 'Sci-Fi']"
1544,"Lost World: Jurassic Park, The (1997)","['Action', 'Adventure', 'Sci-Fi', 'Thriller']"
1552,Con Air (1997),"['Action', 'Adventure', 'Thriller']"
1573,Face/Off (1997),"['Action', 'Crime', 'Drama', 'Thriller']"
1580,Men in Black (a.k.a. MIB) (1997),"['Action', 'Comedy', 'Sci-Fi']"
1584,Contact (1997),"['Drama', 'Sci-Fi']"
1608,Air Force One (1997),"['Action', 'Thriller']"
1610,"Hunt for Red October, The (1990)","['Action', 'Adventure', 'Thriller']"
1617,L.A. Confidential (1997),"['Crime', 'Film-Noir', 'Mystery', 'Thriller']"
1625,"Game, The (1997)","['Drama', 'Mystery', 'Thriller']"
1639,Chasing Amy (1997),"['Comedy', 'Drama', 'Romance']"
1641,"Full Monty, The (1997)","['Comedy', 'Drama']"
1645,The Devil's Advocate (1997),"['Drama', 'Mystery', 'Thriller']"
1653,Gattaca (1997),"['Drama', 'Sci-Fi', 'Thriller']"
1676,Starship Troopers (1997),"['Action', 'Sci-Fi']"
1682,"Truman Show, The (1998)","['Comedy', 'Drama', 'Sci-Fi']"
1704,Good Will Hunting (1997),"['Drama', 'Romance']"
1721,Titanic (1997),"['Drama', 'Romance']"
1732,"Big Lebowski, The (1998)","['Comedy', 'Crime']"
1777,"Wedding Singer, The (1998)","['Comedy', 'Romance']"
1784,As Good as It Gets (1997),"['Comedy', 'Drama', 'Romance']"
1917,Armageddon (1998),"['Action', 'Romance', 'Sci-Fi', 'Thriller']"
1923,There's Something About Mary (1998),"['Comedy', 'Romance']"
1954,Rocky (1976),['Drama']
1961,Rain Man (1988),['Drama']
1968,"Breakfast Club, The (1985)","['Comedy', 'Drama']"
1997,"Exorcist, The (1973)","['Horror', 'Mystery']"
2000,Lethal Weapon (1987),"['Action', 'Comedy', 'Crime', 'Drama']"
2005,"Goonies, The (1985)","['Action', 'Adventure', 'Children', 'Comedy', 'Fantasy']"
2006,"Mask of Zorro, The (1998)","['Action', 'Comedy', 'Romance']"
2011,Back to the Future Part II (1989),"['Adventure', 'Comedy', 'Sci-Fi']"
2012,Back to the Future Part III (1990),"['Adventure', 'Comedy', 'Sci-Fi', 'Western']"
2028,Saving Private Ryan (1998),"['Action', 'Drama', 'War']"
2054,"Honey, I Shrunk the Kids (1989)","['Adventure', 'Children', 'Comedy', 'Fantasy', 'Sci-Fi']"
2078,"Jungle Book, The (1967)","['Animation', 'Children', 'Comedy', 'Musical']"
2080,Lady and the Tramp (1955),"['Animation', 'Children', 'Comedy', 'Romance']"
2081,"Little Mermaid, The (1989)","['Animation', 'Children', 'Comedy', 'Musical', 'Romance']"
2100,Splash (1984),"['Comedy', 'Fantasy', 'Romance']"
2115,Indiana Jones and the Temple of Doom (1984),"['Action', 'Adventure', 'Fantasy']"
2167,Blade (1998),"['Action', 'Horror', 'Thriller']"
2174,Beetlejuice (1988),"['Comedy', 'Fantasy']"
2194,"Untouchables, The (1987)","['Action', 'Crime', 'Drama']"
2268,"Few Good Men, A (1992)","['Crime', 'Drama', 'Thriller']"
2291,Edward Scissorhands (1990),"['Drama', 'Fantasy', 'Romance']"
2302,My Cousin Vinny (1992),['Comedy']
2321,Pleasantville (1998),"['Comedy', 'Drama', 'Fantasy']"
2324,Life Is Beautiful (La Vita è bella) (1997),"['Comedy', 'Drama', 'Romance', 'War']"
2329,American History X (1998),"['Crime', 'Drama']"
2353,Enemy of the State (1998),"['Action', 'Thriller']"
2355,"Bug's Life, A (1998)","['Adventure', 'Animation', 'Children', 'Comedy']"
2395,Rushmore (1998),"['Comedy', 'Drama']"
2396,Shakespeare in Love (1998),"['Comedy', 'Drama', 'Romance']"
2406,Romancing the Stone (1984),"['Action', 'Adventure', 'Comedy', 'Romance']"
2470,Crocodile Dundee (1986),"['Adventure', 'Comedy']"
2502,Office Space (1999),"['Comedy', 'Crime']"
2529,Planet of the Apes (1968),"['Action', 'Drama', 'Sci-Fi']"
2542,"Lock, Stock & Two Smoking Barrels (1998)","['Comedy', 'Crime', 'Thriller']"
2571,"Matrix, The (1999)","['Action', 'Sci-Fi', 'Thriller']"
2572,10 Things I Hate About You (1999),"['Comedy', 'Romance']"
2599,Election (1999),['Comedy']
2617,"Mummy, The (1999)","['Action', 'Adventure', 'Comedy', 'Fantasy', 'Horror', 'Thriller']"
2628,Star Wars: Episode I - The Phantom Menace (1999),"['Action', 'Adventure', 'Sci-Fi']"
2640,Superman (1978),"['Action', 'Adventure', 'Sci-Fi']"
2657,"Rocky Horror Picture Show, The (1975)","['Comedy', 'Horror', 'Musical', 'Sci-Fi']"
2671,Notting Hill (1999),"['Comedy', 'Romance']"
2683,Austin Powers: The Spy Who Shagged Me (1999),"['Action', 'Adventure', 'Comedy']"
2692,Run Lola Run (Lola rennt) (1998),"['Action', 'Crime']"
2699,Arachnophobia (1990),"['Comedy', 'Horror']"
2700,"South Park: Bigger, Longer and Uncut (1999)","['Animation', 'Comedy', 'Musical']"
2701,Wild Wild West (1999),"['Action', 'Comedy', 'Sci-Fi', 'Western']"
2706,American Pie (1999),"['Comedy', 'Romance']"
2710,"Blair Witch Project, The (1999)","['Drama', 'Horror', 'Thriller']"
2712,Eyes Wide Shut (1999),"['Drama', 'Mystery', 'Thriller']"
2716,Ghostbusters (a.k.a. Ghost Busters) (1984),"['Action', 'Comedy', 'Sci-Fi']"
2762,"Sixth Sense, The (1999)","['Drama', 'Horror', 'Mystery']"
2791,Airplane! (1980),['Comedy']
2797,Big (1988),"['Comedy', 'Drama', 'Fantasy', 'Romance']"
2804,"Christmas Story, A (1983)","['Children', 'Comedy']"
2858,American Beauty (1999),"['Drama', 'Romance']"
2916,Total Recall (1990),"['Action', 'Adventure', 'Sci-Fi', 'Thriller']"
2918,Ferris Bueller's Day Off (1986),['Comedy']
2947,Goldfinger (1964),"['Action', 'Adventure', 'Thriller']"
2959,Fight Club (1999),"['Action', 'Crime', 'Drama', 'Thriller']"
2985,RoboCop (1987),"['Action', 'Crime', 'Drama', 'Sci-Fi', 'Thriller']"
2987,Who Framed Roger Rabbit? (1988),"['Adventure', 'Animation', 'Children', 'Comedy', 'Crime', 'Fantasy', 'Mystery']"
2997,Being John Malkovich (1999),"['Comedy', 'Drama', 'Fantasy']"
3033,Spaceballs (1987),"['Comedy', 'Sci-Fi']"
3052,Dogma (1999),"['Adventure', 'Comedy', 'Fantasy']"
3081,Sleepy Hollow (1999),"['Fantasy', 'Horror', 'Mystery', 'Romance']"
3114,Toy Story 2 (1999),"['Adventure', 'Animation', 'Children', 'Comedy', 'Fantasy']"
3147,"Green Mile, The (1999)","['Crime', 'Drama']"
3160,Magnolia (1999),['Drama']
3175,Galaxy Quest (1999),"['Adventure', 'Comedy', 'Sci-Fi']"
3253,Wayne's World (1992),['Comedy']
3408,Erin Brockovich (2000),['Drama']
3421,Animal House (1978),['Comedy']
3471,Close Encounters of the Third Kind (1977),"['Adventure', 'Drama', 'Sci-Fi']"
3481,High Fidelity (2000),"['Comedy', 'Drama', 'Romance']"
3489,Hook (1991),"['Adventure', 'Comedy', 'Fantasy']"
3527,Predator (1987),"['Action', 'Sci-Fi', 'Thriller']"
3535,American Psycho (2000),"['Crime', 'Horror', 'Mystery', 'Thriller']"
3552,Caddyshack (1980),['Comedy']
3578,Gladiator (2000),"['Action', 'Adventure', 'Drama']"
3623,Mission: Impossible II (2000),"['Action', 'Adventure', 'Thriller']"
3671,Blazing Saddles (1974),"['Comedy', 'Western']"
3717,Gone in 60 Seconds (2000),"['Action', 'Crime']"
3751,Chicken Run (2000),"['Animation', 'Children', 'Comedy']"
3753,"Patriot, The (2000)","['Action', 'Drama', 'War']"
3793,X-Men (2000),"['Action', 'Adventure', 'Sci-Fi']"
3897,Almost Famous (2000),['Drama']
3911,Best in Show (2000),['Comedy']
3948,Meet the Parents (2000),['Comedy']
3949,Requiem for a Dream (2000),['Drama']
3977,Charlie's Angels (2000),"['Action', 'Comedy']"
3994,Unbreakable (2000),"['Drama', 'Sci-Fi']"
3996,"Crouching Tiger, Hidden Dragon (Wo hu cang long) (2000)","['Action', 'Drama', 'Romance']"
4011,Snatch (2000),"['Comedy', 'Crime', 'Thriller']"
4018,What Women Want (2000),"['Comedy', 'Romance']"
4022,Cast Away (2000),['Drama']
4025,Miss Congeniality (2000),"['Comedy', 'Crime']"
4027,"O Brother, Where Art Thou? (2000)","['Adventure', 'Comedy', 'Crime']"
4034,Traffic (2000),"['Crime', 'Drama', 'Thriller']"
4226,Memento (2000),"['Mystery', 'Thriller']"
4239,Blow (2001),"['Crime', 'Drama']"
4246,Bridget Jones's Diary (2001),"['Comedy', 'Drama', 'Romance']"
4262,Scarface (1983),"['Action', 'Crime', 'Drama']"
4306,Shrek (2001),"['Adventure', 'Animation', 'Children', 'Comedy', 'Fantasy', 'Romance']"
4308,Moulin Rouge (2001),"['Drama', 'Musical', 'Romance']"
4370,A.I. Artificial Intelligence (2001),"['Adventure', 'Drama', 'Sci-Fi']"
4447,Legally Blonde (2001),"['Comedy', 'Romance']"
4720,"Others, The (2001)","['Drama', 'Horror', 'Mystery', 'Thriller']"
4776,Training Day (2001),"['Crime', 'Drama', 'Thriller']"
4816,Zoolander (2001),['Comedy']
4848,Mulholland Drive (2001),"['Crime', 'Drama', 'Film-Noir', 'Mystery', 'Thriller']"
4878,Donnie Darko (2001),"['Drama', 'Mystery', 'Sci-Fi', 'Thriller']"
4886,"Monsters, Inc. (2001)","['Adventure', 'Animation', 'Children', 'Comedy', 'Fantasy']"
4896,Harry Potter and the Sorcerer's Stone (a.k.a. Harry Potter and the Philosopher's Stone) (2001),"['Adventure', 'Children', 'Fantasy']"
4963,Ocean's Eleven (2001),"['Crime', 'Thriller']"
4973,"Amelie (Fabuleux destin d'Amélie Poulain, Le) (2001)","['Comedy', 'Romance']"
4979,"Royal Tenenbaums, The (2001)","['Comedy', 'Drama']"
4993,"Lord of the Rings: The Fellowship of the Ring, The (2001)","['Adventure', 'Fantasy']"
4995,"Beautiful Mind, A (2001)","['Drama', 'Romance']"
5218,Ice Age (2002),"['Adventure', 'Animation', 'Children', 'Comedy']"
5299,My Big Fat Greek Wedding (2002),"['Comedy', 'Romance']"
5349,Spider-Man (2002),"['Action', 'Adventure', 'Sci-Fi', 'Thriller']"
5378,Star Wars: Episode II - Attack of the Clones (2002),"['Action', 'Adventure', 'Sci-Fi', 'IMAX']"
5418,"Bourne Identity, The (2002)","['Action', 'Mystery', 'Thriller']"
5445,Minority Report (2002),"['Action', 'Crime', 'Mystery', 'Sci-Fi', 'Thriller']"
5459,Men in Black II (a.k.a. MIIB) (a.k.a. MIB 2) (2002),"['Action', 'Comedy', 'Sci-Fi']"
5481,Austin Powers in Goldmember (2002),['Comedy']
5502,Signs (2002),"['Horror', 'Sci-Fi', 'Thriller']"
5618,Spirited Away (Sen to Chihiro no kamikakushi) (2001),"['Adventure', 'Animation', 'Fantasy']"
5669,Bowling for Columbine (2002),['Documentary']
5816,Harry Potter and the Chamber of Secrets (2002),"['Adventure', 'Fantasy']"
5952,"Lord of the Rings: The Two Towers, The (2002)","['Adventure', 'Fantasy']"
5956,Gangs of New York (2002),"['Crime', 'Drama']"
5989,Catch Me If You Can (2002),"['Crime', 'Drama']"
6016,City of God (Cidade de Deus) (2002),"['Action', 'Adventure', 'Crime', 'Drama', 'Thriller']"
6333,X2: X-Men United (2003),"['Action', 'Adventure', 'Sci-Fi', 'Thriller']"
6365,"Matrix Reloaded, The (2003)","['Action', 'Adventure', 'Sci-Fi', 'Thriller', 'IMAX']"
6373,Bruce Almighty (2003),"['Comedy', 'Drama', 'Fantasy', 'Romance']"
6377,Finding Nemo (2003),"['Adventure', 'Animation', 'Children', 'Comedy']"
6378,"Italian Job, The (2003)","['Action', 'Crime']"
6502,28 Days Later (2002),"['Action', 'Horror', 'Sci-Fi']"
6539,Pirates of the Caribbean: The Curse of the Black Pearl (2003),"['Action', 'Adventure', 'Comedy', 'Fantasy']"
6711,Lost in Translation (2003),"['Comedy', 'Drama', 'Romance']"
6863,School of Rock (2003),"['Comedy', 'Musical']"
6870,Mystic River (2003),"['Crime', 'Drama', 'Mystery']"
6874,Kill Bill: Vol. 1 (2003),"['Action', 'Crime', 'Thriller']"
6934,"Matrix Revolutions, The (2003)","['Action', 'Adventure', 'Sci-Fi', 'Thriller', 'IMAX']"
6942,Love Actually (2003),"['Comedy', 'Drama', 'Romance']"
7143,"Last Samurai, The (2003)","['Action', 'Adventure', 'Drama', 'War']"
7147,Big Fish (2003),"['Drama', 'Fantasy', 'Romance']"
7153,"Lord of the Rings: The Return of the King, The (2003)","['Action', 'Adventure', 'Drama', 'Fantasy']"
7361,Eternal Sunshine of the Spotless Mind (2004),"['Drama', 'Romance', 'Sci-Fi']"
7438,Kill Bill: Vol. 2 (2004),"['Action', 'Drama', 'Thriller']"
8360,Shrek 2 (2004),"['Adventure', 'Animation', 'Children', 'Comedy', 'Musical', 'Romance']"
8368,Harry Potter and the Prisoner of Azkaban (2004),"['Adventure', 'Fantasy', 'IMAX']"
8636,Spider-Man 2 (2004),"['Action', 'Adventure', 'Sci-Fi', 'IMAX']"
8641,Anchorman: The Legend of Ron Burgundy (2004),['Comedy']
8644,"I, Robot (2004)","['Action', 'Adventure', 'Sci-Fi', 'Thriller']"
8665,"Bourne Supremacy, The (2004)","['Action', 'Crime', 'Thriller']"
8874,Shaun of the Dead (2004),"['Comedy', 'Horror']"
8961,"Incredibles, The (2004)","['Action', 'Adventure', 'Animation', 'Children', 'Comedy']"
30707,Million Dollar Baby (2004),['Drama']
30793,Charlie and the Chocolate Factory (2005),"['Adventure', 'Children', 'Comedy', 'Fantasy', 'IMAX']"
32587,Sin City (2005),"['Action', 'Crime', 'Film-Noir', 'Mystery', 'Thriller']"
33493,Star Wars: Episode III - Revenge of the Sith (2005),"['Action', 'Adventure', 'Sci-Fi']"
33679,Mr. & Mrs. Smith (2005),"['Action', 'Adventure', 'Comedy', 'Romance']"
33794,Batman Begins (2005),"['Action', 'Crime', 'IMAX']"
34162,Wedding Crashers (2005),"['Comedy', 'Romance']"
35836,"40-Year-Old Virgin, The (2005)","['Comedy', 'Romance']"
40815,Harry Potter and the Goblet of Fire (2005),"['Adventure', 'Fantasy', 'Thriller', 'IMAX']"
41566,"Chronicles of Narnia: The Lion, the Witch and the Wardrobe, The (2005)","['Adventure', 'Children', 'Fantasy']"
44191,V for Vendetta (2006),"['Action', 'Sci-Fi', 'Thriller', 'IMAX']"
45499,X-Men: The Last Stand (2006),"['Action', 'Sci-Fi', 'Thriller']"
45722,Pirates of the Caribbean: Dead Man's Chest (2006),"['Action', 'Adventure', 'Fantasy']"
46578,Little Miss Sunshine (2006),"['Adventure', 'Comedy', 'Drama']"
48385,Borat: Cultural Learnings of America for Make Benefit Glorious Nation of Kazakhstan (2006),['Comedy']
48394,"Pan's Labyrinth (Laberinto del fauno, El) (2006)","['Drama', 'Fantasy', 'Thriller']"
48516,"Departed, The (2006)","['Crime', 'Drama', 'Thriller']"
48774,Children of Men (2006),"['Action', 'Adventure', 'Drama', 'Sci-Fi', 'Thriller']"
48780,"Prestige, The (2006)","['Drama', 'Mystery', 'Sci-Fi', 'Thriller']"
49272,Casino Royale (2006),"['Action', 'Adventure', 'Thriller']"
49530,Blood Diamond (2006),"['Action', 'Adventure', 'Crime', 'Drama', 'Thriller', 'War']"
50872,Ratatouille (2007),"['Animation', 'Children', 'Drama']"
51255,Hot Fuzz (2007),"['Action', 'Comedy', 'Crime', 'Mystery']"
51662,300 (2007),"['Action', 'Fantasy', 'War', 'IMAX']"
52973,Knocked Up (2007),"['Comedy', 'Drama', 'Romance']"
53125,Pirates of the Caribbean: At World's End (2007),"['Action', 'Adventure', 'Comedy', 'Fantasy']"
54001,Harry Potter and the Order of the Phoenix (2007),"['Adventure', 'Drama', 'Fantasy', 'IMAX']"
54286,"Bourne Ultimatum, The (2007)","['Action', 'Crime', 'Thriller']"
54503,Superbad (2007),['Comedy']
55820,No Country for Old Men (2007),"['Crime', 'Drama']"
56174,I Am Legend (2007),"['Action', 'Horror', 'Sci-Fi', 'Thriller', 'IMAX']"
56367,Juno (2007),"['Comedy', 'Drama', 'Romance']"
58559,"Dark Knight, The (2008)","['Action', 'Crime', 'Drama', 'IMAX']"
59315,Iron Man (2008),"['Action', 'Adventure', 'Sci-Fi']"
59784,Kung Fu Panda (2008),"['Action', 'Animation', 'Children', 'Comedy', 'IMAX']"
60069,WALL·E (2008),"['Adventure', 'Animation', 'Children', 'Romance', 'Sci-Fi']"
63082,Slumdog Millionaire (2008),"['Crime', 'Drama', 'Romance']"
68157,Inglourious Basterds (2009),"['Action', 'Drama', 'War']"
68358,Star Trek (2009),"['Action', 'Adventure', 'Sci-Fi', 'IMAX']"
68954,Up (2009),"['Adventure', 'Animation', 'Children', 'Drama']"
69122,"Hangover, The (2009)","['Comedy', 'Crime']"
69844,Harry Potter and the Half-Blood Prince (2009),"['Adventure', 'Fantasy', 'Mystery', 'Romance', 'IMAX']"
70286,District 9 (2009),"['Mystery', 'Sci-Fi', 'Thriller']"
71535,Zombieland (2009),"['Action', 'Comedy', 'Horror']"
72998,Avatar (2009),"['Action', 'Adventure', 'Sci-Fi', 'IMAX']"
73017,Sherlock Holmes (2009),"['Action', 'Crime', 'Mystery', 'Thriller']"
74458,Shutter Island (2010),"['Drama', 'Mystery', 'Thriller']"
76093,How to Train Your Dragon (2010),"['Adventure', 'Animation', 'Children', 'Fantasy', 'IMAX']"
78499,Toy Story 3 (2010),"['Adventure', 'Animation', 'Children', 'Comedy', 'Fantasy', 'IMAX']"
79132,Inception (2010),"['Action', 'Crime', 'Drama', 'Mystery', 'Sci-Fi', 'Thriller', 'IMAX']"
80463,"Social Network, The (2010)",['Drama']
81845,"King's Speech, The (2010)",['Drama']
89745,"Avengers, The (2012)","['Action', 'Adventure', 'Sci-Fi', 'IMAX']"
91500,The Hunger Games (2012),"['Action', 'Adventure', 'Drama', 'Sci-Fi', 'Thriller']"
91529,"Dark Knight Rises, The (2012)","['Action', 'Adventure', 'Crime', 'IMAX']"
99114,Django Unchained (2012),"['Action', 'Drama', 'Western']"
106782,"Wolf of Wall Street, The (2013)","['Comedy', 'Crime', 'Drama']"
109374,"Grand Budapest Hotel, The (2014)","['Comedy', 'Drama']"
109487,Interstellar (2014),"['Sci-Fi', 'IMAX']"
112852,Guardians of the Galaxy (2014),"['Action', 'Adventure', 'Sci-Fi']"
122904,Deadpool (2016),"['Action', 'Adventure', 'Comedy', 'Sci-Fi']"
